law_firm_name,website,google_business_profile,legal_directory_listing,city,state,county,phone_number,email,practice_area,street_address,zip_code,msa,priority
ADAMS LAW OFFICES - Blue Springs,http://www.adamslawoffices.com,,,Bonner Springs,KS,Wyandotte,(816) 228-1776,adamslawoffices@sbcglobal.net,Criminal Defense,"1400 SW US Highway 40, just",,Kansas City,5
About Us - Mullins Law Firm –,http://www.jeffmullinslaw.com/about,,,Bonner Springs,KS,Wyandotte,(816) 463-3010,mary@jeffmullinslaw.com,Criminal Defense,,,Kansas City,5
Attorney Family Law,https://www.mokanlegal.com/family-law,,,Bonner Springs,KS,Wyandotte,816-347-1818,,Personal Injury,"114 SW Third Street, Lee",,Kansas City,5
Blevins and Bradbury Inc,,,,Bonner Springs,KS,Wyandotte,913-422-1620,,General,134 N Nettleton,66012,Kansas City,4
Blue Springs Law Office,https://www.bluespringslawoffice.com,,,Bonner Springs,KS,Wyandotte,816-224-9500,,Personal Injury,"1114 Main St., Blue",,Kansas City,5
Carter Law Offices,http://www.carterlaw.org,,https://www.martindale.com/by-location/kansas-lawyers/,Bonner Springs,KS,Wyandotte,(816) 325-2397,,Personal Injury,,,Kansas City,5
DWI/DUI Defense - - Symonds Law KC,https://www.symondslawkc.com/dwi-dui-defense,,,Bonner Springs,KS,Wyandotte,816-463-2311,,DUI,45th St**,,Kansas City,5
Dempsey Kingsland Osteen,https://www.dko-law.com,,,Bonner Springs,KS,Wyandotte,816-484-3776,,Personal Injury,150 Million Secured for Our Clients Over the Past 25 Years,,Kansas City,5
"Rae Sedgwick, JD",,,,Bonner Springs,KS,Wyandotte,913-708-5808,,General,"311 Allcutt, PO Box 377",66012,Kansas City,4
"Dunn, Bill",,https://www.google.com/maps/place/?q=place_id:ChIJBXWHN-OPwIcR8BOHSC2kuXM,,Bonner Springs,KS,Wyandotte,(913) 422-8677,,General,135 Oak St,66012,Kansas City,4
Employment Law - the Whitehead Law Firm,https://thewhiteheadfirm.com/Employment_Law.html,,,Bonner Springs,KS,Wyandotte,816-398-8967,info@thewhiteheadfirm.com,Employment Law,"229 SE Douglas St., Ste 210",,Kansas City,3
Family Law Attorneys by LWV Law,https://lwv-law.com/attorneys,,,Bonner Springs,KS,Wyandotte,(816) 781-6595,mlauber@lwv-law.com,Family Law,,,Kansas City,4
Find Top Divorce Lawyers and Family Law Firms in Kansas,https://www.divorcelawyer.com/connect/kansas,,,Bonner Springs,KS,Wyandotte,,info@divorcelawyer.com,DUI,,,Kansas City,5
"Friel, McCord & Smiley, LLC",https://friellawoffice.com/,,,Bonner Springs,KS,Wyandotte,913-602-9971,,Personal Injury,PO Box 88,66012,Kansas City,5
Kansas City Attorney Belinda Harrison,http://blharrisonlaw.com/home.html,,,Bonner Springs,KS,Wyandotte,816-759-0207,,Family Law,204 W Linwood Blvd Kansas,,Kansas City,4
Kansas City Personal Injury Attorney » Car Accident Lawyer » Plaza,https://plazainjurylaw.com,,,Bonner Springs,KS,Wyandotte,816-945-4409,donovan@plazainjurylaw.com,Personal Injury,9SNZNEUrdg87) to assist with another type of personal,,Kansas City,5
"Law Office of Kendall R. Garten, LLC",https://www.gartenlawfirm.com,,,Bonner Springs,KS,Wyandotte,816-229-1299,,Personal Injury,1600 Northeast Coronado Drive**,,Kansas City,5
Leslie Williams is a Kansas City Family Law Attorney,https://www.lesliewilliamslaw.com/practice-areas/family-law,,,Bonner Springs,KS,Wyandotte,816-220-1781,,Personal Injury,7 on Main Street in Blue Springs. _,,Kansas City,5
"Lighthouse Legal, LLC",https://lighthouselegalkc.com,,,Bonner Springs,KS,Wyandotte,816-720-5033,Info@LighthouseLegalKC.com,Family Law,11 to adjust the website to people with visual disabilities who are using a,,Kansas City,4
Meet Our Team,https://www.quarles.com/people?do_item_search=1&letter=B,,,Bonner Springs,KS,Wyandotte,312-715-2738,kiana.baharloo@quarles.com,Immigration,,,Kansas City,2
"Our Firm - House Packard McElderry, LLC",https://www.hpmlawkc.com/our-firm,,,Bonner Springs,KS,Wyandotte,816-381-9105,,Personal Injury,,,Kansas City,5
Perry Trent,http://www.perrytrent.com,,,Bonner Springs,KS,Wyandotte,(913) 441-3411,,Family Law,13100 Kansas Ave,66012,Kansas City,4
Personal Injury & Wrongful Death Law Firm,https://empowerinjurylaw.com,,,Bonner Springs,KS,Wyandotte,816-892-9909,,Personal Injury,,,Kansas City,5
Railroad Crossing Accidents? Pottenger Law Firm Can Help,https://pottengerlaw.com/2012/01/31/police-enforcement-to-increase-at-railroad-crossings,,,Bonner Springs,KS,Wyandotte,816-531-6006,jpottenger@pottengerlaw.com,Personal Injury,"31st, 2012",,Kansas City,5
Richard T Bryant,https://www.richardbryantlaw.com/,,,Bonner Springs,KS,Wyandotte,(816) 399-5218,andrewtalge@gmail.com,Criminal Defense,"1111 Main, Ste 750",,Kansas City,5
"Roffmann Law Office, LLC",https://www.roffmannlaw.com/,,,Bonner Springs,KS,Wyandotte,(816) 366-8772,,Criminal Defense,,,Kansas City,5
Significant Cases - Redfearn Law Firm,https://www.redfearnlawfirm.com/Significant-Cases.html,,,Bonner Springs,KS,Wyandotte,888-213-0310,,Medical Malpractice,"16 year old drunk driver, lost",,Kansas City,5
"Slead, Roger W. - HAB LAW",http://www.hab-law.com/roger-slead,,,Bonner Springs,KS,Wyandotte,(816) 421-0700,rslead@hab-law.com,Personal Injury,1998 Legal Update Labor and Employment -,,Kansas City,5
The Law Offices of Kelli D. Wulff LLC,https://www.wulfflaw.net,,,Bonner Springs,KS,Wyandotte,816-795-5455,office@wulfflaw.net,Family Law,4200 Little Blue Parkway \| Suite 680 Independence,,Kansas City,4
"Troppito & Miller, LLC",https://www.kcconstructionlaw.com/,,,Bonner Springs,KS,Wyandotte,(866) 578-5199,,Real Estate Law,,,Kansas City,2
attorney profile - kevin hoop,https://www.kevinhooplaw.com/attorney-profile,,,Bonner Springs,KS,Wyandotte,,khoop@kevinhooplaw.com,Personal Injury,,,Kansas City,5
Charles L. Casassa,,,,Edwardsville,KS,Wyandotte,970-903-3824,,General,1207 S 105th St,66111,Kansas City,4
29th Judicial District (Wyandotte County) Public Defender,,,,Kansas City,KS,Wyandotte,785-480-0548,,General,550 State Avenue,66101,Kansas City,4
524 Legal A Professional Association,,,,Kansas City,KS,Wyandotte,913-281-2080,tom@524legal.com,Criminal Defense,650 Minnesota Ave,66101,Kansas City,5
Aaron Russell Schuman,,,,Kansas City,KS,Wyandotte,(816) 382-6374,,Litigation,,,Kansas City,1
Abogada Denise Ramos,http://abogadadenise.com/,https://www.google.com/maps/place/?q=place_id:ChIJm21qRTjuwIcRqqOat2413E4,,Kansas City,KS,Wyandotte,(913) 202-6922,,Immigration,1505 Minnesota Ave,66102,Kansas City,2
Abogados Accidentes KC,http://abogadosaccidenteskc.com/,https://www.google.com/maps/place/?q=place_id:ChIJqWR3jAzuwIcRYoOGIDZ_rbo,,Kansas City,KS,Wyandotte,(816) 282-2222,,Personal Injury,2544 W 47th St,66103,Kansas City,5
"Abogados Parker & Parker, P.A.",https://abogadosparkerkc.com/,https://www.google.com/maps/place/?q=place_id:ChIJVU3yMKDxwIcRqJl-64r8pcg,,Kansas City,KS,Wyandotte,(816) 509-8959,,General,535 Central Ave,66101,Kansas City,4
About Us - DCG Law,https://dcgreenelaw.com/about-us,,,Kansas City,KS,Wyandotte,,dcgreene@dcgreenelaw.com,Employment Law,1 million within the first 4 months of starting DCG Law Firm. #,,Kansas City,3
Aimee Michelle Gromowsky,,,,Kansas City,KS,Wyandotte,(816) 207-2766,,Criminal Defense,,,Kansas City,5
Alexander Conrad Melin,,,,Kansas City,KS,Wyandotte,(816) 203-0055,,Personal Injury,,,Kansas City,5
Andrew Haynes McCue,,,,Kansas City,KS,Wyandotte,(816) 203-1157,,Litigation,,,Kansas City,1
Andrew Ky Haynes,,,,Kansas City,KS,Wyandotte,(816) 207-4668,,Employment Law,,,Kansas City,3
Andrew Stephen Talge,,,,Kansas City,KS,Wyandotte,(816) 382-6853,,Criminal Defense,,,Kansas City,5
Archdiocese of Kansas City in Kansas,,,,Kansas City,KS,Wyandotte,913-549-3516,,General,12615 Parallel Pkwy,66109,Kansas City,4
Associated Wholesale Grocers,,,,Kansas City,KS,Wyandotte,913-288-1000,,General,5000 Kansas Ave,66106,Kansas City,4
Attorney Hugo Martinez,http://www.hugolawoffice.com/,https://www.google.com/maps/place/?q=place_id:ChIJjQw-5zfwwIcRbCj78B6CJSo,,Kansas City,KS,Wyandotte,(816) 888-0518,,Immigration,719 State Ave,66101,Kansas City,2
Attorney Kansas City Personal Injury Attorney,https://powerinjurylaw.com/kansas-city-personal-injury-attorney,,,Kansas City,KS,Wyandotte,855-769-0906,info@powerinjurylaw.com,Personal Injury,5_stars_30.png](<Base64-Image-Removed>),,Kansas City,5
"Aylward-Kalb, Patricia",,https://www.google.com/maps/place/?q=place_id:ChIJewGFG3LxwIcRQTTfTVd7GAs,,Kansas City,KS,Wyandotte,(913) 371-2299,,General,816 Ann Ave,66101,Kansas City,4
Baker & Baker PA,https://www.bakernbaker.com,,,Kansas City,KS,Wyandotte,(913) 621-1437,,General,753 State Ave,66101,Kansas City,4
"Beam-Ward, Kruse, Wilson, & Fletes, LLC",http://www.bkwflaw.com,,https://www.martindale.com/by-location/kansas-lawyers/,Kansas City,KS,Wyandotte,913-431-3579,bkwf@bkwflaw.com,Personal Injury,,,Kansas City,5
Bean & Company Tax Attorneys,,,,Kansas City,KS,Wyandotte,(913) 904-1147,,General,8055 State Ave #10,66112,Kansas City,4
Beth Romans Bower,https://www.bclplaw.com/en-GB/people/beth-romans-bower.html,,,Kansas City,KS,Wyandotte,816-391-7663,beth.bower@bclplaw.com,Employment Law,1,66105,Kansas City,3
"Bond Law Office, LLC",https://bondlawofficekc.com,,,Kansas City,KS,Wyandotte,816-945-8855,,General Practice,"2300 Main Street, Suite 900",,Kansas City,4
Bower Law - Bower Law,https://bowerlawkc.com,,,Kansas City,KS,Wyandotte,(816) 601-1380,office@bowerlawkc.com,Personal Injury,2 years ago Hands down the best attorney around. Lauren has always had our,,Kansas City,5
Bradley David McCormack,,,,Kansas City,KS,Wyandotte,(816) 379-7159,,Bankruptcy,,,Kansas City,2
Brandon L. Kane,https://www.kcticketlaw.com,,,Kansas City,KS,Wyandotte,816-229-2708,brandon@bkanelaw.com,Criminal Defense,"1100 Main, St, Ste 2820",,Kansas City,5
Bretz Injury Law,https://www.byinjurylaw.com/kansas-city-lawyer/?utm_source=GMB&utm_medium=organic&utm_campaign=kansascity,https://www.google.com/maps/place/?q=place_id:ChIJ28Zn1HjxwIcRaGQz0ry8iXs,,Kansas City,KS,Wyandotte,(913) 398-5723,,Personal Injury,748 Ann Ave suite 114,66101,Kansas City,5
Brian Joseph Madden,,,,Kansas City,KS,Wyandotte,(816) 203-1737,,Personal Injury,,,Kansas City,5
Bright Bankruptcy Firm,http://www.brightbk.com/kansas-city-bankruptcy-attorney-2/,,,Kansas City,KS,Wyandotte,(913) 298-1600,,General,1333 Meadowlark Ln,66102,Kansas City,4
Bryan Cox,,,,Kansas City,KS,Wyandotte,816-292-7021,bryan@sternberg-law.com,Criminal Defense,"2323 Grand, suite 1100",,Kansas City,5
Build WyCo,,,,Kansas City,KS,Wyandotte,816-719-6880,,General,2 S. 14th St,66102,Kansas City,4
Burton Scott Haigh,,,,Kansas City,KS,Wyandotte,(816) 379-7201,,Personal Injury,,,Kansas City,5
Byron Atlee Bowles,,,,Kansas City,KS,Wyandotte,(913) 359-4096,,General Practice,10 E Cambridge Circle Dr Ste 300,,Kansas City,4
"Carney Legal, LLC",https://carney.law/,,,Kansas City,KS,Wyandotte,913-574-7843,,Personal Injury,285 Orchard St,66101,Kansas City,5
"Cavanaugh, Biggs & Lemon, P.A.",http://www.cavlem.com,,https://www.martindale.com/by-location/kansas-lawyers/,Kansas City,KS,Wyandotte,785-588-5991,,Intellectual Property,,,Kansas City,1
Charles Ryan Conor Regan,,,,Kansas City,KS,Wyandotte,(816) 203-1498,,Personal Injury,,,Kansas City,5
Cheryl Pilate,,,,Kansas City,KS,Wyandotte,816-471-6694,,Criminal Defense,926 Cherry,,Kansas City,5
Christen Dawn Shepherd,,,,Kansas City,KS,Wyandotte,(816) 307-0375,,Family Law,,,Kansas City,4
Christopher Marshall McHugh,,,,Kansas City,KS,Wyandotte,(816) 382-6338,,Business Law,,,Kansas City,2
Clayton E. Dickey,,,,Kansas City,KS,Wyandotte,(816) 837-9823,,Insurance Law,,,Kansas City,1
Clayton Evan Gillette,,,,Kansas City,KS,Wyandotte,(816) 382-6919,,Business Law,,,Kansas City,2
"Cline, Boone",,https://www.google.com/maps/place/?q=place_id:ChIJf6IwHHLxwIcRbHEPOekoGGY,,Kansas City,KS,Wyandotte,(913) 371-0444,,General,750 Ann Ave,66101,Kansas City,4
Colgan Law Firm LLC,https://www.colganlaw.com/,https://www.google.com/maps/place/?q=place_id:ChIJczQ40MiOwIcR9NKdBHCASyQ,,Kansas City,KS,Wyandotte,(913) 721-9999,,Personal Injury,11006 Parallel Pkwy # 202,66109,Kansas City,5
Colin Nacy Gotham,http://www.emlawkc.com,,https://www.martindale.com/by-location/kansas-lawyers/,Kansas City,KS,Wyandotte,(913) 278-0424,,Personal Injury,,,Kansas City,5
Connor James Pace,,,,Kansas City,KS,Wyandotte,(913) 348-7980,,Personal Injury,,,Kansas City,5
Contact Our Kansas City Personal Injury Law Office,,,,Kansas City,KS,Wyandotte,913-999-9999,,Personal Injury,,,Kansas City,5
Cornerstones of Care,,,,Kansas City,KS,Wyandotte,913-484-0850,,General,155 S 18th St Ste 100,66102,Kansas City,4
Crow & Associates,http://www.crowlegal.com,,https://www.martindale.com/by-location/kansas-lawyers/,Kansas City,KS,Wyandotte,913-828-4672,,Personal Injury,,,Kansas City,5
DUI Attorney Ross Nigro,http://www.nigrolawfirm.com/practice-areas/dui-dwi,,https://www.martindale.com/by-location/kansas-lawyers/,Kansas City,KS,Wyandotte,(816) 492-2809,office@nigrolawfirm.com,Personal Injury,,,Kansas City,5
Dairy Farmers Of America,,,,Kansas City,KS,Wyandotte,816-801-6444,,General,1405 N 98th St,66111,Kansas City,4
David A Reed Law Office,http://reedlaw35.com,https://www.google.com/maps/place/?q=place_id:ChIJWQk4xI-MwIcR5BOCND1-GbI,,Kansas City,KS,Wyandotte,(913) 342-7200,,General,7823 Parallel Pkwy,66112,Kansas City,4
"David A. Reed & Associates, PA",,,,Kansas City,KS,Wyandotte,913-342-7200,,General,7823 Parallel Pkwy,66112,Kansas City,4
David Bell,,,,Kansas City,KS,Wyandotte,(816) 844-6916,dbell@whmlaw.net,Criminal Defense,"1200 Main St., suite 2110",,Kansas City,5
"David C. Graham, Attorney at Law",,,,Kansas City,KS,Wyandotte,913-829-5445,,General,PO Box 3664,66103,Kansas City,4
David Conrad Byerley,,,,Kansas City,KS,Wyandotte,(816) 325-3554,,General Practice,,,Kansas City,4
"David K. Duckers, LC",,,,Kansas City,KS,Wyandotte,913-645-2363,,General,2516 N 100th Ter,66109,Kansas City,4
David Magariel,https://www.cnn.com/2022/09/20/us/shawn-parcells-sentenced-illegal-autopsies,,,Kansas City,KS,Wyandotte,,copyrightagent@turner.com,Criminal Defense,550,66101,Kansas City,5
David Mathew Mayer,,,,Kansas City,KS,Wyandotte,(816) 608-7835,,Personal Injury,,,Kansas City,5
David Matthews,http://www.davidmatthewslaw.com,,,Kansas City,KS,Wyandotte,913-387-2369,,DUI,827 Armstrong,66101,Kansas City,5
David Robert Barlow,,,,Kansas City,KS,Wyandotte,(855) 999-7542,,Bankruptcy,511 South 5th St,,Kansas City,2
"David S. Patrzykont, Attorney at Law, P. A.",https://www.dsplawkc.com/,https://www.google.com/maps/place/?q=place_id:ChIJffRiM07xwIcRxwOIyg4J0wo,,Kansas City,KS,Wyandotte,(913) 371-0022,,General,831 Armstrong Ave,66101,Kansas City,4
"Davis, Reginald K",http://reginald-davis.com/,https://www.google.com/maps/place/?q=place_id:ChIJf8k6HHLxwIcRrbQD4NoFR1Q,,Kansas City,KS,Wyandotte,(913) 299-8789,davisrk1@sbcglobal.net,General,11006 Parallel Pkwy Suite 206,66109,Kansas City,4
DeVaughn James Injury Lawyers,https://www.devaughnjames.com/locations/devaughn-james-injury-lawyers-kansas-city-kansas/,https://www.google.com/maps/place/?q=place_id:ChIJyUsYpCrxwIcRu2h2snY6P-U,,Kansas City,KS,Wyandotte,(913) 999-9999,,Personal Injury,10 E Cambridge Cir Dr Suite 100,66103,Kansas City,5
Denise Frances Fields,,,,Kansas City,KS,Wyandotte,(816) 379-7198,,Employment Law,,,Kansas City,3
Denise Kirby,,,,Kansas City,KS,Wyandotte,(816) 399-2319,,Criminal Defense,,,Kansas City,5
Diane Kathryn Watkins,,,,Kansas City,KS,Wyandotte,(816) 382-6810,,Personal Injury,,,Kansas City,5
Dickeson Law Office,,,,Kansas City,KS,Wyandotte,(913) 981-0830,,General,4318 Rainbow Blvd,66103,Kansas City,4
Dionne Michelle Scherff,,,,Kansas City,KS,Wyandotte,(913) 600-2790,,Criminal Defense,,,Kansas City,5
Dist. Ct. For The Dist. Of KS,,,,Kansas City,KS,Wyandotte,913-735-2320,,General,517 US Courthouse 500 State Ave,66101,Kansas City,4
Doyle & Bruce LLC,http://kclaw.com/,https://www.google.com/maps/place/?q=place_id:ChIJo_PgAYPxwIcRs0hkcbbfExY,,Kansas City,KS,Wyandotte,(913) 543-8558,john@kclaw.com,Employment Law,748 Ann Ave,66101,Kansas City,3
"E. Bernard Hurd, Attorney at Law",,,,Kansas City,KS,Wyandotte,785-221-8856,,General,3121 N. 109th Pl,66109,Kansas City,4
Equal Employment Opportunity Commission,,,,Kansas City,KS,Wyandotte,913-340-8815,,General,"400 State Ave, Ste 905, Office of Human Resources / Box 46",66101,Kansas City,4
Eric Anthony Morrison,,,,Kansas City,KS,Wyandotte,(913) 543-4464,,Family Law,,,Kansas City,4
Eric D Barton,,,,Kansas City,KS,Wyandotte,(816) 300-7840,,Business Law,,,Kansas City,2
"Erickson, Debera A",,https://www.google.com/maps/place/?q=place_id:ChIJUWrtQW3xwIcRL-tIWg6KB4c,,Kansas City,KS,Wyandotte,(913) 371-8383,,General,630 Minnesota Ave,66101,Kansas City,4
Frederick W Zimmerman Attorney at Law,https://wlaw.com/,https://www.google.com/maps/place/?q=place_id:ChIJszY6HHLxwIcRZAuLDVmMuSM,,Kansas City,KS,Wyandotte,(913) 281-1304,%20info@wlaw.com,Family Law,750 Ann Ave,66101,Kansas City,4
Garcia Immigration Law Firm,http://garciaimmigrationlaw.com,,,Kansas City,KS,Wyandotte,(913) 281-5000,,Immigration,2 S 14th St,66102,Kansas City,2
Gary Long Law,http://www.garylonglaw.com,,,Kansas City,KS,Wyandotte,(913) 660-9382,,General,827 Armstrong Ave,66101,Kansas City,4
Geoffrey A. Kump,,,,Kansas City,KS,Wyandotte,913-369-0147,,General,7866 Stover Lane,66109,Kansas City,4
George D. Halper,,,,Kansas City,KS,Wyandotte,(913) 354-8508,,Bankruptcy,,,Kansas City,2
Gregory Law Office LLC,http://www.jessicagregorylaw.com/,https://www.google.com/maps/place/?q=place_id:ChIJ1-AOLhPywIcRcGqqomkd0mo,,Kansas City,KS,Wyandotte,(913) 956-7006,,Personal Injury,2544 W 47th Ave,66103,Kansas City,5
Gregory P. Goheen,,,,Kansas City,KS,Wyandotte,(913) 354-8217,,Business Law,,,Kansas City,2
"Henry Couchman, Attorney at Law",,,,Kansas City,KS,Wyandotte,913-951-1617,,General,10206 Yecker Ave,66109,Kansas City,4
"Henson, Hutton, Mudrick & Gragson, LLP",http://www.hensonlawoffice.com,,https://www.martindale.com/by-location/kansas-lawyers/,Kansas City,KS,Wyandotte,785-478-7322,,Family Law,,,Kansas City,4
"Herman Law Office, PA",,,,Kansas City,KS,Wyandotte,785-628-2795,,General,750 Ann Ave,66101,Kansas City,4
"Hetley Law Firm, P.A.",https://www.hetleylaw.com/,,https://www.martindale.com/by-location/kansas-lawyers/,Kansas City,KS,Wyandotte,913-600-5019,,Business Law,,,Kansas City,2
"Hutton, William W",,https://www.google.com/maps/place/?q=place_id:ChIJ2QQfg23xwIcRftIxaDi6KpU,,Kansas City,KS,Wyandotte,(913) 371-1944,,General,509 Armstrong Ave,66101,Kansas City,4
"J Shane Rockey, Chtd",https://shanerockey.com,,,Kansas City,KS,Wyandotte,913-735-6063,,Personal Injury,748 Ann Ave,66101,Kansas City,5
J.A. Floyd Law,https://www.jafloydlaw.com/,https://www.google.com/maps/place/?q=place_id:ChIJG4WcWhDxwIcRbudTr4z3MgM,,Kansas City,KS,Wyandotte,(913) 369-7155,james@jafloydlaw.com,Criminal Defense,827 Armstrong Ave Suite 202,66101,Kansas City,5
Jack D. McInnes,,,,Kansas City,KS,Wyandotte,(913) 794-3370,,Employment Law,,,Kansas City,3
James A. Hart,https://www.hartlawcompany.com/,,https://www.martindale.com/by-location/kansas-lawyers/,Kansas City,KS,Wyandotte,(816) 300-5531,,Business Law,,,Kansas City,2
James Bell P.C. - Healthcare Fraud Group,,https://www.google.com/maps/place/?q=place_id:ChIJrzXJ_2jxwIcRQeXwqSvwTkE,,Kansas City,KS,Wyandotte,(913) 270-2467,,General,100 Abbie Ave,66103,Kansas City,4
James C. Morrow,https://www.mwcattorneys.com,,https://www.martindale.com/by-location/kansas-lawyers/,Kansas City,KS,Wyandotte,(816) 463-3579,sjenkins@mwcattorneys.com,Personal Injury,,,Kansas City,5
James E Carpenter,http://www.carpenterkansaslaw.com,,,Kansas City,KS,Wyandotte,(913) 371-0166,,General,816 Ann Ave,66101,Kansas City,4
James E Martin Law Office,http://www.lojemkc.com,,,Kansas City,KS,Wyandotte,(913) 334-7070,,General,7844 Leavenworth Rd,66109,Kansas City,4
James Franklin Freeman,,,,Kansas City,KS,Wyandotte,(816) 448-8079,,Business Law,,,Kansas City,2
James M. Barnett,http://www.barnett-law.com/index.html,,,Kansas City,KS,Wyandotte,913-281-3500,,Workers' Compensation,816,66101,Kansas City,5
James Michael Roswold,,,,Kansas City,KS,Wyandotte,(816) 382-6340,,Personal Injury,,,Kansas City,5
James R. Orr,,,,Kansas City,KS,Wyandotte,(913) 262-3345,,Family Law,,,Kansas City,4
Jane L. Williams LLC,,,,Kansas City,KS,Wyandotte,816-249-2122,,General,4623 N 122nd St,66109,Kansas City,4
Jason Bradford Moore,,,,Kansas City,KS,Wyandotte,(816) 888-6279,,Personal Injury,,,Kansas City,5
Jeffrey Young Bennett,,,,Kansas City,KS,Wyandotte,(816) 760-2617,,Immigration Law,,,Kansas City,1
Jerome Gorman Law,,,,Kansas City,KS,Wyandotte,913-269-5534,,General,509 Armstrong Ave,66101,Kansas City,4
Jerry Lee Wallentine,https://www.kc-attorney.com,,https://www.martindale.com/by-location/kansas-lawyers/,Kansas City,KS,Wyandotte,(913) 353-3691,,Personal Injury,,,Kansas City,5
Jill Arlene Kanatzar,,,,Kansas City,KS,Wyandotte,(816) 895-7073,,Criminal Defense,,,Kansas City,5
Joan Dungey Toomey,,,,Kansas City,KS,Wyandotte,(816) 307-2780,,Business Law,,,Kansas City,2
Jodi Jaye Fox,,,,Kansas City,KS,Wyandotte,(913) 318-5122,,Employment Law,,,Kansas City,3
John Adams Christiansen,,,,Kansas City,KS,Wyandotte,(816) 527-8519,,Personal Injury,,,Kansas City,5
John David Jurcyk,,,,Kansas City,KS,Wyandotte,(913) 379-2261,,Business Law,"10 East Cambridge Circle Drive, Suite 300",,Kansas City,2
John Edward Larson,,,,Kansas City,KS,Wyandotte,(913) 359-3611,,Business Law,,,Kansas City,2
John Fisher Edgar,,,,Kansas City,KS,Wyandotte,(816) 307-0848,,Business Law,,,Kansas City,2
John Kent Thomas,,,,Kansas City,KS,Wyandotte,(816) 484-3714,,Personal Injury,,,Kansas City,5
John L. Peterson PA,https://www.pankratzhodge.com/contact-us,,,Kansas City,KS,Wyandotte,913-371-1930,randy@pankratzhodge.com,Personal Injury,748 Ann Ave,66101,Kansas City,5
John Michael Cusick,,,,Kansas City,KS,Wyandotte,(816) 608-8787,,Personal Injury,,,Kansas City,5
John Michael Klamann,,,,Kansas City,KS,Wyandotte,(816) 382-6382,,Personal Injury,,,Kansas City,5
John Simpson,,,,Kansas City,KS,Wyandotte,816-916-7141,kimmysuet@aol.com,Criminal Defense,311 E 115th St,,Kansas City,5
Jonathan P. Kieffer,,,,Kansas City,KS,Wyandotte,(816) 701-9099,,Personal Injury,,,Kansas City,5
Jordan Taylor Dollar,,,,Kansas City,KS,Wyandotte,(816) 945-4950,,Personal Injury,,,Kansas City,5
"Joseph A. DeWoskin, P.C.",https://www.dewoskinlawfirm.com/?utm_source=google-local&utm_medium=organic&utm_campaign=1500,https://www.google.com/maps/place/?q=place_id:ChIJq6pm3nHxwIcR1NYjWg7ekys,,Kansas City,KS,Wyandotte,(913) 387-2359,,Personal Injury,827 Armstrong Ave Ste 203,66101,Kansas City,5
"Joseph I. Wittman, Attorney at Law",https://www.joewlaw.com/,https://www.google.com/maps/place/?q=place_id:ChIJvRcyww4Dv4cRtZlM8C-g4fY,,Kansas City,KS,Wyandotte,(785) 234-3663,,General,3103 N 118th Terrace,66109,Kansas City,4
"Joseph M. Laskowski, PA",,,,Kansas City,KS,Wyandotte,913-342-2000,,General,P.O. Box 172202,66117,Kansas City,4
Joseph W. Hemberger,,,,Kansas City,KS,Wyandotte,(913) 374-7332,,Bankruptcy,,,Kansas City,2
"Simon, Judy",http://judysimonlaw.com,https://www.google.com/maps/place/?q=place_id:ChIJb9VX2XHxwIcRRD-kcIq3d7o,,Kansas City,KS,Wyandotte,(913) 608-7875,feedback@cyclevio.com,General,753 State Ave Ste 388,66101,Kansas City,4
KS Department For Children & Families,,,,Kansas City,KS,Wyandotte,913-942-3609,,General,402 State Ave,66101,Kansas City,4
Kansas Capital Habeas Office,,,,Kansas City,KS,Wyandotte,913-283-9770,,General,552 State Ave,66101,Kansas City,4
Kansas City Board of Public Utilities,,,,Kansas City,KS,Wyandotte,913-573-9032,,General,540 Minnesota,66101,Kansas City,4
Kansas City Missouri Car Accident Attorney,,,,Kansas City,KS,Wyandotte,816-832-4688,,Personal Injury,,,Kansas City,5
Kansas Federal Public Defender,,,,Kansas City,KS,Wyandotte,913-551-6944,,General,"500 State Ave, Ste 201",66101,Kansas City,4
Kansas Legal Services,http://www.kansaslegalservices.org/node/1870/kansas-city-office-kansas-legal-services,https://www.google.com/maps/place/?q=place_id:ChIJG6L8mxHxwIcR4ExnaelSrLA,,Kansas City,KS,Wyandotte,(913) 621-0200,englisha@klsinc.org,General,400 State Ave #1015,66101,Kansas City,4
Ken Fenley,,,,Kansas City,KS,Wyandotte,620-333-5600,kenfenleylaw@gmail.com,Criminal Defense,6701 Brookside,,Kansas City,5
Kessler Law Offices,https://www.elabogadofelipe.com/home.html,https://www.google.com/maps/place/?q=place_id:ChIJ1-AOLhPywIcRR95EhffYKS8,,Kansas City,KS,Wyandotte,(913) 621-4400,,Personal Injury,3111 Strong Ave,66106,Kansas City,5
Kevin James McManus,,,,Kansas City,KS,Wyandotte,(816) 945-4861,,Personal Injury,,,Kansas City,5
"Kiske Law Office, LLC",https://www.kiskelawoffice.com,,,Kansas City,KS,Wyandotte,816-256-5440,,Family Law,,,Kansas City,4
Kissell Law Group,https://kisselllawgroup.com,,,Kansas City,KS,Wyandotte,314-669-4394,tomkissell@gmail.com,Criminal Defense,17 years of courtroom experience** defending clients across,,Kansas City,5
Knox Tax Lawyers,,,,Kansas City,KS,Wyandotte,(913) 674-0952,,General,2200 W 39th Ave #10,66103,Kansas City,4
Kyle S. Belew,,,,Kansas City,KS,Wyandotte,(816) 379-7256,,Personal Injury,,,Kansas City,5
"Lamb, Charles",,https://www.google.com/maps/place/?q=place_id:ChIJg1LR1HHxwIcR3LN3u-0wkGo,,Kansas City,KS,Wyandotte,(913) 233-0420,,General,819 N 9th St,66101,Kansas City,4
"Landon Roth, Attorney at Law",https://landon.law/,,,Kansas City,KS,Wyandotte,913-314-5230,hey@landon.law,Family Law,3647 N. 115th St.,66109,Kansas City,4
Law Office / Despacho Legal de Thomas R. Fields PA,http://www.thomasrfields.com/,https://www.google.com/maps/place/?q=place_id:ChIJm21qRTjuwIcRSl_SdRXx5to,,Kansas City,KS,Wyandotte,(877) 587-2361,tom@thomasrfields.com,Criminal Defense,2544 W 47th Ave,66103,Kansas City,5
Law Office Of Charles Ball,http://www.mysunfresh.com,,,Kansas City,KS,Wyandotte,(913) 299-5500,,Social Security Disability,1300 W. 78th,66112,Kansas City,1
Law Office Of David J. Grummon P.A.,http://www.grummonlaw.com,,,Kansas City,KS,Wyandotte,(913) 432-4484,davidjgrummon@gmail.com,General,3111 Strong Ave,66106,Kansas City,4
Law Office Of Donald M Mclean,,,,Kansas City,KS,Wyandotte,816-835-9954,,General,P.O. Box 171855,66117,Kansas City,4
Law Office Of Manu K. Rattan,,,,Kansas City,KS,Wyandotte,913-721-0381,,General,"11006 Parallel Pkwy, Ste 206",66109,Kansas City,4
Law Office Of Stanley R. McAfee,,,,Kansas City,KS,Wyandotte,913-334-4800,,General,"2300 Hutton Rd, Ste 111",66109,Kansas City,4
Law Office of Aline E. Pryor,https://alinepryor.com/,https://www.google.com/maps/place/?q=place_id:ChIJG6L8mxHxwIcRS46qo6gUyRM,,Kansas City,KS,Wyandotte,(913) 233-2100,,Personal Injury,400 State Ave #135,66101,Kansas City,5
Law Office of Elizabeth Mellor,http://www.mellorlawoffice.com/,https://www.google.com/maps/place/?q=place_id:ChIJb9VX2XHxwIcRy8kcqX4jI8I,,Kansas City,KS,Wyandotte,(913) 281-5650,,Criminal Defense,748 Ann Ave,66101,Kansas City,5
Law Office of Joel Rook,http://www.joelrooklaw.com/,https://www.google.com/maps/place/?q=place_id:ChIJv1o63G3xwIcRkAfwck5ne2w,,Kansas City,KS,Wyandotte,(913) 957-4643,,General,748 Ann Ave,66101,Kansas City,4
Law Office of Robert R. Laing Jr.,,https://www.google.com/maps/place/?q=place_id:ChIJYxqbFsmOwIcR4vNc__dJbLk,,Kansas City,KS,Wyandotte,(913) 815-1360,,General,2300 Hutton Rd,66109,Kansas City,4
Law Office of Thomas W. Stibal,,,,Kansas City,KS,Wyandotte,913-449-2189,,General,509 Armstrong Ave,66101,Kansas City,4
"Law Office of Timothy L. Dupree, P.A.",,,,Kansas City,KS,Wyandotte,(913) 233-2722,,General,825 N 7th St Ste 300,66101,Kansas City,4
Law Offices Of Anthony R. Russo,,,,Kansas City,KS,Wyandotte,913-927-8756,,General,650 Minnesota #217,66101,Kansas City,4
Law Offices Of Roger W. McLean,http://lawyerkansascityks.com,,,Kansas City,KS,Wyandotte,(913) 717-5335,,General,831 Armstrong Ave,66101,Kansas City,4
Law Offices of Angela Habeebullah,https://ayh-law.com,,,Kansas City,KS,Wyandotte,,a.habeebullah@ayh-law.com,Bankruptcy,816dipset I am very pleased with the service I have received from Angela. Angela definitely has,,Kansas City,2
"Law Offices of H. Reed Walker, P.A.",http://www.reed-walker.com,,https://www.martindale.com/by-location/kansas-lawyers/,Kansas City,KS,Wyandotte,816-631-2621,,Family Law,,,Kansas City,4
Law Office of Jay H Vader and Stanley R McAfee,http://www.jayvader.com,https://www.google.com/maps/place/?q=place_id:ChIJYTR92fKMwIcRMKrmYdof2U4,,Kansas City,KS,Wyandotte,(913) 334-4800,,General,2300 Hutton Rd #111,66109,Kansas City,4
"Leiker Law Office, P.A.",http://kcfamilylawyer.com,,,Kansas City,KS,Wyandotte,(913) 323-6800,,Family Law,753 State Avenue Suite 388,66101,Kansas City,4
Lindsie Ford,,,,Kansas City,KS,Wyandotte,913-232-7283,lford@sbids.org,Criminal Defense,550,66101,Kansas City,5
Louis C. Accurso,,,,Kansas City,KS,Wyandotte,(816) 608-6979,,Personal Injury,,,Kansas City,5
Lubow Law Firm,,,,Kansas City,KS,Wyandotte,913-963-2534,,General,623 Tauromee,66101,Kansas City,4
MVP Law Firm,http://mvplaw.com/,https://www.google.com/maps/place/?q=place_id:ChIJr_Z2C6zxwIcRB1zNTJKRbS0,https://www.martindale.com/by-location/kansas-lawyers/,Kansas City,KS,Wyandotte,(913) 371-3838,,Workers' Compensation,10 E Cambridge Cir Dr,66103,Kansas City,5
Mahoney KC LLC,,,,Kansas City,KS,Wyandotte,816-868-5217,,General,3307 N 111th St,66109,Kansas City,4
Marc Kimble Erickson,,,,Kansas City,KS,Wyandotte,(816) 379-7526,,Personal Injury,,,Kansas City,5
Marilyn Keller,,,,Kansas City,KS,Wyandotte,816-221-0800,mbkeller@whmlaw.net,Criminal Defense,"1200 Main, Ste 2110",,Kansas City,5
Mark Stingley,http://www.bryancave.com/mgstingley,,,Kansas City,KS,Wyandotte,816-391-7649,,Bankruptcy,1,66105,Kansas City,2
"Matteuzzi Law, P.C.",http://www.ma2zlaw.com,,https://www.martindale.com/by-location/kansas-lawyers/,Kansas City,KS,Wyandotte,913-399-2513,mmatteuzzi@ma2zlaw.com,Personal Injury,,,Kansas City,5
Matthew Ryan Watkins,,,,Kansas City,KS,Wyandotte,(816) 307-7528,,Criminal Defense,,,Kansas City,5
"Matthew Wideman Attorney-at-Law, LLC",https://mattwidemanlaw.com/,https://www.google.com/maps/place/?q=place_id:ChIJddHASDXxwIcRlHLCpS8C1Y8,,Kansas City,KS,Wyandotte,(913) 391-4458,,Personal Injury,831 Armstrong Ave,66101,Kansas City,5
Matthews Law Office PA,,,,Kansas City,KS,Wyandotte,816-516-1761,,General,650 Minnesota Ave 2nd Fl,66101,Kansas City,4
Maurice J. Ryan,,,,Kansas City,KS,Wyandotte,913-991-8794,,General,4215 N 127th St,66109,Kansas City,4
McAnany VanCleave & Phillips,,,,Kansas City,KS,Wyandotte,913-573-3368,,General,"10 E Cambridge Cir Dr, Ste 300",66103,Kansas City,4
McIntosh Law Offices,http://www.mcintosh-law.com/,https://www.google.com/maps/place/?q=place_id:ChIJUWrtQW3xwIcRukSlkG_sp68,,Kansas City,KS,Wyandotte,(913) 281-5051,atifmcintoshlaw@gmail.com,General,1333 Meadowlark Ln Ste 203,66102,Kansas City,4
Melanie Ann Haynes,,,,Kansas City,KS,Wyandotte,(913) 270-4028,,Family Law,,,Kansas City,4
Michael C. Hunter Attorney at Law,https://kccounselor.com,,,Kansas City,KS,Wyandotte,(913) 732-3234,mhunter@kccounselor.com,Criminal Defense,"115 E. Park St., Suite C.",66101,Kansas City,5
Michael J. Nichols P.A.,http://www.mikenicholslaw.com/,https://www.google.com/maps/place/?q=place_id:ChIJb9VX2XHxwIcRQ9DmDxq0RYE,,Kansas City,KS,Wyandotte,(913) 281-0300,,Personal Injury,748 Ann Ave,66101,Kansas City,5
Michael Kopit,,,,Kansas City,KS,Wyandotte,(913) 800-4632,,Personal Injury,,,Kansas City,5
Michael McVay Law Office,http://mcvaylawoffice.com,,,Kansas City,KS,Wyandotte,(913) 281-6601,mike@mcvaylawoffice.com,Bankruptcy,753 State Ave,66101,Kansas City,2
Michael Sharma-Crawford,,,,Kansas City,KS,Wyandotte,816-994-2300,,Criminal Defense,515 Avenida Cesar E Chavez,,Kansas City,5
Michael Todd Moulder,,,,Kansas City,KS,Wyandotte,(816) 382-6989,,Personal Injury,,,Kansas City,5
Michael Vincent DiPasquale,,,,Kansas City,KS,Wyandotte,(816) 408-3391,,Personal Injury,,,Kansas City,5
Mikesic Law Office,,,,Kansas City,KS,Wyandotte,913-424-7771,,General,4013 N 112 St,66109,Kansas City,4
Mohlman Gurney Injury Law,https://mohlmangurney.com/car-accident,,,Kansas City,KS,Wyandotte,816-648-6000,info@mohlmangurney.com,Personal Injury,11 to adjust the website to people with visual disabilities who are using a,,Kansas City,5
Murguia Law Office,,,,Kansas City,KS,Wyandotte,913-320-2020,,General,3120 Strong Ave,66106,Kansas City,4
Neil Sader,,,,Kansas City,KS,Wyandotte,(816) 379-7281,,Bankruptcy,,,Kansas City,2
Nicole Forsythe,,,,Kansas City,KS,Wyandotte,816-730-9120,nicole@forsythelawoffice.com,Criminal Defense,"104 w. 9th, suite 306",,Kansas City,5
Office of the District Attorney,,,,Kansas City,KS,Wyandotte,913-573-4140,,General,"710 N 7th St, Ste 10",66101,Kansas City,4
Oliver & Reichel P.A.,http://www.orlaw-firm.com,,https://www.martindale.com/by-location/kansas-lawyers/,Kansas City,KS,Wyandotte,913-431-3453,nir@orlawyers.net,Medical Malpractice,,,Kansas City,5
Patricia McDonald-Nunemaker,,,,Kansas City,KS,Wyandotte,(816) 608-6506,,Estate Planning & Probate,,,Kansas City,1
"Patrick E. D'Arcy, Attorney at Law",,,,Kansas City,KS,Wyandotte,913-232-1056,,General,332 N. 5th St,66101,Kansas City,4
"Patton & Dean, LLC",https://www.pattondean.com/,https://www.google.com/maps/place/?q=place_id:ChIJ7wh8WaqNwIcRdMN0Bafy-dw,,Kansas City,KS,Wyandotte,(913) 203-4786,,Bankruptcy,8040 Parallel Pkwy Ste 112B,66112,Kansas City,2
Paul Oller,,,,Kansas City,KS,Wyandotte,785-639-5008,ollerpaul1960@gmail.com,Criminal Defense,6750,66109,Kansas City,5
"Payne & Jones, Chartered",http://www.paynejones.com,,https://www.martindale.com/by-location/kansas-lawyers/,Kansas City,KS,Wyandotte,913-399-2630,,Family Law,,,Kansas City,4
Phillip Reed Martens,,,,Kansas City,KS,Wyandotte,(816) 605-6742,,Personal Injury,,,Kansas City,5
Pierce-Nichols Law,https://piercenicholslaw.com,,,Kansas City,KS,Wyandotte,936-385-8629,lawyerpiercenichols@gmail.com,Family Law,,,Kansas City,4
QDRO Preparation for COFFEYVILLE RESOURCES LLC 401K PLAN,https://www.qdrodesk.com/plans/COFFEYVILLE-RESOURCES-LLC-401K-PLAN-20799.shtml,,,Kansas City,KS,Wyandotte,913-982-0500,,Family Law,401K PLAN | ![Defined Contribution Plan,66103,Kansas City,4
Rachel Diana Stahle,,,,Kansas City,KS,Wyandotte,(816) 521-6973,,Personal Injury,,,Kansas City,5
"Ramboldt, Joe L",,https://www.google.com/maps/place/?q=place_id:ChIJ6_ksTIrowIcRJoKRUTdL6Lo,,Kansas City,KS,Wyandotte,(816) 399-5179,,General,1001 E 101st Terrace # 170,66101,Kansas City,4
Rattan Law Firm,http://www.mykclawyer.com,,,Kansas City,KS,Wyandotte,(913) 432-0660,,General,2100 Silver Ave,66106,Kansas City,4
"Redmon, Michael",,https://www.google.com/maps/place/?q=place_id:ChIJb9VX2XHxwIcRoqYwDQXJKsU,,Kansas City,KS,Wyandotte,(913) 342-5917,,General,831 Armstrong Ave,66101,Kansas City,4
Rick Carney,https://www.rickcarneylaw.com/services,,,Kansas City,KS,Wyandotte,816-804-4458,rick@rickcarneylaw.com,Criminal Defense,1156 NW Vivion Road,,Kansas City,5
"Robb, Taylor & O'Connor",https://www.rto-law.com,,,Kansas City,KS,Wyandotte,(913) 321-9600,johnrobb@robblaw.com,General,827 Armstrong Ave Ste 300,66101,Kansas City,4
Robert Anthony Thrasher,,,,Kansas City,KS,Wyandotte,(816) 640-8173,,Personal Injury,,,Kansas City,5
Rockey & Stecklein Chartered,,,,Kansas City,KS,Wyandotte,(913) 371-6063,,General,748 Ann Ave,66101,Kansas City,4
"Rose Henry Law, LLC",https://www.roselawfirm.com/,,,Kansas City,KS,Wyandotte,913-558-6778,,Social Security Disability,12461 Augusta Dr,66109,Kansas City,1
Rosie M. Quinn Attorney LLC,,,,Kansas City,KS,Wyandotte,913-281-1424,,General,PO Box 9056,66112,Kansas City,4
Ross Charles Nigro,,,,Kansas City,KS,Wyandotte,(816) 307-1222,,Criminal Defense,,,Kansas City,5
Ruth Marie Benien Attorney,,,,Kansas City,KS,Wyandotte,(913) 621-7100,,General,827 Armstrong Ave,66101,Kansas City,4
Ryan Joseph Watson,,,,Kansas City,KS,Wyandotte,(816) 608-4914,,Personal Injury,,,Kansas City,5
Ryan Michael Paulus,,,,Kansas City,KS,Wyandotte,(816) 631-8853,,Personal Injury,,,Kansas City,5
Ryan P. Kelly - Brown Immigration Law,https://brownimmigrationlaw.com/meet-our-people-immigration-attorneys/ryan-p-kelly,,,Kansas City,KS,Wyandotte,402-328-9899,info@brownimmigrationlaw.com,Immigration,"1 petitions for individuals with extraordinary ability, and",,Kansas City,2
"Schilling Law, LLC",http://www.schillinglawkc.com/,https://www.google.com/maps/place/?q=place_id:ChIJgezIDevrwIcR3aTaJ7eNCXA,,Kansas City,KS,Wyandotte,(913) 353-4021,mike@schillinglawkc.com,Personal Injury,1321 Central Ave,66102,Kansas City,5
Scottie S. Kleypas Law LLC,,,,Kansas City,KS,Wyandotte,816-309-6825,,General,3200 N 115th St,66109,Kansas City,4
Sean Baker - Attorney At Law,http://www.seanbakerlaw.com/,https://www.google.com/maps/place/?q=place_id:ChIJg4A_pJ_xwIcRFjjLrXbQJfM,,Kansas City,KS,Wyandotte,(913) 444-6611,sean@seanbakerlaw.com,Criminal Defense,748 Ann Ave,66101,Kansas City,5
"Sedgwick, Philip R",,https://www.google.com/maps/place/?q=place_id:ChIJZU8IJXPxwIcR9tYmsnv7lQo,,Kansas City,KS,Wyandotte,(913) 371-1981,,General,623 Tauromee Ave,66101,Kansas City,4
"Seiden Law Office, P.A.",,,,Kansas City,KS,Wyandotte,(913) 390-3470,,General,3008 S 24th St,66106,Kansas City,4
"Shapiro Law Office, P.A.",http://www.tonyshapirolaw.com,,https://www.martindale.com/by-location/kansas-lawyers/,Kansas City,KS,Wyandotte,816-409-1200,tony@tonyshapirolaw.com,Personal Injury,,,Kansas City,5
Sheena Foye,https://whmlawdb.com,,,Kansas City,KS,Wyandotte,816-221-0080,dbell@whmlaw.net,Criminal Defense,"1200 Main St, Ste 2110",,Kansas City,5
Spectrum Home Health Inc,,,,Kansas City,KS,Wyandotte,816-803-4231,,General,2915 Strong Ave,66106,Kansas City,4
State Board of Indigents' Defense Services,,,,Kansas City,KS,Wyandotte,913-912-3115,,General,550 State Ave,66101,Kansas City,4
Stecklein & Rapp,https://www.giveyourselfcredit.com,,,Kansas City,KS,Wyandotte,(913) 371-0727,,Bankruptcy,748 Ann Ave Ste 101,66101,Kansas City,2
Steffen Firm,,,,Kansas City,KS,Wyandotte,405-414-3761,,General,748 Ann Ave,66101,Kansas City,4
Stephanie Lynn Schutt,,,,Kansas City,KS,Wyandotte,(816) 608-6205,,Family Law,,,Kansas City,4
Stephanie M Smith,,,,Kansas City,KS,Wyandotte,(913) 521-5897,,Estate Planning & Probate,,,Kansas City,1
Stephen Tatum,,,,Kansas City,KS,Wyandotte,913-827-6866,,General,"3838 Rainbow Blvd, Apt 811",66103,Kansas City,4
"Steven D. Alexander, Attorney at Law",,,,Kansas City,KS,Wyandotte,913-621-0800,,Criminal Defense,827 Armstrong Ave Ste 102,66101,Kansas City,5
Steven Wade Brookreson,,,,Kansas City,KS,Wyandotte,(816) 451-2106,,Personal Injury,,,Kansas City,5
Stone Law Office,http://stonedefense.com,,,Kansas City,KS,Wyandotte,(913) 281-6001,,Criminal Defense,753 State Ave,66101,Kansas City,5
Tahirkheli & Premer-Chavez Law Office,http://tpclawyers.com/,https://www.google.com/maps/place/?q=place_id:ChIJAQDAc23xwIcR25wAZbz0IJc,,Kansas City,KS,Wyandotte,(913) 371-0554,,Personal Injury,650 Minnesota Ave 2nd floor,66101,Kansas City,5
"The Alexander Law Firm, LLC",https://alexanderlawfirmkc.com/?utm_source=google-local&utm_medium=organic&utm_campaign=2228,https://www.google.com/maps/place/?q=place_id:ChIJA6Mw8nHxwIcRX_HGj1psQLM,,Kansas City,KS,Wyandotte,(913) 912-3338,,Personal Injury,748 Ann Ave,66101,Kansas City,5
The Alvarez Law Firm,http://www.alvarezlawkc.com,,,Kansas City,KS,Wyandotte,(913) 371-1030,,Personal Injury,10 S Hallock St,66101,Kansas City,5
"The Brewer Law Group, LLC",https://www.theblgkc.com/,https://www.google.com/maps/place/?q=place_id:ChIJXxVbkAnxwIcRZ1s3kgKM6zw,,Kansas City,KS,Wyandotte,(913) 800-5054,,General,827 Armstrong Ave Suite 201,66101,Kansas City,4
"The Henry Law Firm, P.A.",https://www.henrypractice.com,,https://www.martindale.com/by-location/kansas-lawyers/,Kansas City,KS,Wyandotte,913-600-5108,,Family Law,,,Kansas City,4
The Law Office of Conn Felix Sanchez,,,,Kansas City,KS,Wyandotte,913-262-4300,,General,"4150 Kansas Ave Ste 200, PO Box 6383",66106,Kansas City,4
The Law Office of William L. Phalen,https://phalenlawfirm.com,,,Kansas City,KS,Wyandotte,(913) 281-5557,,Personal Injury,650 Minnesota Ave,66101,Kansas City,5
The Legal Burnout Solution,,,,Kansas City,KS,Wyandotte,913-484-0844,,General,3841 N. 123rd St.,66109,Kansas City,4
The McLaughlin Law Firm,http://macforjustice.com,https://www.google.com/maps/place/?q=place_id:ChIJf6IwHHLxwIcRUJiitkg3yFE,,Kansas City,KS,Wyandotte,(913) 281-7707,,General,750 Ann Ave,66101,Kansas City,4
"The Probst Law Firm, PA",https://www.probst-law.com/?utm_source=google-local&utm_medium=organic&utm_campaign=1536,https://www.google.com/maps/place/?q=place_id:ChIJET4o3HHxwIcRe4Fp36roT38,,Kansas City,KS,Wyandotte,(913) 281-0699,,Criminal Defense,827 Armstrong Ave Ste 302,66101,Kansas City,5
The Wright Law Firm,https://wrightlawkc.com,,,Kansas City,KS,Wyandotte,816-431-6216,,General Practice,"245 MAIN STREET, SUITE B",,Kansas City,4
"Thomas & Bayes-Weiner, LLC",http://www.jtpalaw.com,,https://www.martindale.com/by-location/kansas-lawyers/,Kansas City,KS,Wyandotte,913-431-2896,jthomas@jtpalaw.com,Personal Injury,,,Kansas City,5
Thomas A Rottinghaus,,,,Kansas City,KS,Wyandotte,(816) 379-7218,,Personal Injury,,,Kansas City,5
Thomas G. Munsell,,,,Kansas City,KS,Wyandotte,(816) 382-6811,,Employment Law,,,Kansas City,3
Thomas J. Hershewe,,,,Kansas City,KS,Wyandotte,(816) 379-7790,,Personal Injury,,,Kansas City,5
Thomas Philip Cartmell,,,,Kansas City,KS,Wyandotte,(816) 379-7274,,Employment Law,,,Kansas City,3
Timothy D. Hamilton PA,,,,Kansas City,KS,Wyandotte,913-342-4350,,General,827 Armstrong,66101,Kansas City,4
Timothy W. Monsees,,,,Kansas City,KS,Wyandotte,(816) 399-3215,,Personal Injury,,,Kansas City,5
Todd Chamberlaine Lucas,,,,Kansas City,KS,Wyandotte,(816) 281-6888,,Personal Injury,,,Kansas City,5
Tomasic & Rehorn,http://www.tomasicrehorn.com/,https://www.google.com/maps/place/?q=place_id:ChIJpcGbuQzxwIcR9jDYIxmWq2U,,Kansas City,KS,Wyandotte,(913) 371-5750,,Workers' Compensation,417 N 6th St,66101,Kansas City,5
Tyler W Hudson,,,,Kansas City,KS,Wyandotte,(816) 379-7151,,Intellectual Property,,,Kansas City,1
"US Attorney's Office, District of Kansas",,,,Kansas City,KS,Wyandotte,913-551-6665,,General,"500 State Ave, Ste 360",66101,Kansas City,4
Unified Gov. Of Wyandotte County/Kansas City,,,,Kansas City,KS,Wyandotte,913-573-5060,,General,701 N 7th St Ste 961,66101,Kansas City,4
Unified Government of Wyandotte County,,,,Kansas City,KS,Wyandotte,913-573-5218,,General,701 N. 7th St,66101,Kansas City,4
Unified Government of Wyandotte County -  Legal Department,,,,Kansas City,KS,Wyandotte,913-573-5090,,General,701 N. 7th St,66101,Kansas City,4
United States Attorney's Office,,,,Kansas City,KS,Wyandotte,913-551-6730,,General,500 State Ave Ste 360,66101,Kansas City,4
United States Attorney's Office-District of Kansas,,,,Kansas City,KS,Wyandotte,913-551-6744,,General,"500 State Ave, Ste 360",66101,Kansas City,4
Valdez Filemon Law Offices,,https://www.google.com/maps/place/?q=place_id:ChIJ_____6_zwIcRUK0IVm38RYY,,Kansas City,KS,Wyandotte,(913) 621-0400,,General,,66102,Kansas City,4
William H Griffin Chapter 13,,https://www.google.com/maps/place/?q=place_id:ChIJLdAc8RLxwIcREPxHVKR5kPw,,Kansas City,KS,Wyandotte,(913) 371-3631,,General,500 State Ave,66101,Kansas City,4
William Harrison Reynolds,,,,Kansas City,KS,Wyandotte,(816) 325-3893,,Personal Injury,,,Kansas City,5
Wyandotte County District Attorney's Office,,,,Kansas City,KS,Wyandotte,913-573-2851,,General,710 N 7th St Ste 10,66101,Kansas City,4
Wyanotte County Public Defender SBIDS,,,,Kansas City,KS,Wyandotte,773-401-2576,derek@bereitlaw.com,Criminal Defense,550 State St,66101,Kansas City,5
YoungWilliams,,,,Kansas City,KS,Wyandotte,913-297-3199,,General,"626 Minnesota Ave, Ste 200",66101,Kansas City,4
Zack Anthony Law,https://zackanthonylaw.com,,,Kansas City,KS,Wyandotte,913-291-0437,assistant831@outlook.com,Criminal Defense,748 Ann,66101,Kansas City,5
"sanderford law office, llc",https://www.sanderfordlawoffice.com,,,Kansas City,KS,Wyandotte,816-415-9455,jsandsix@sbcglobal.net,Estate Planning,,,Kansas City,2
"Bingham, Larry J",,,,Lake Quivira,KS,Wyandotte,(913) 268-7080,,General,366 Lakeshore Dr W,66217,Kansas City,4
"Gyllenborg & Brown, P.A.",http://gyllenborg.com/,,https://www.martindale.com/by-location/kansas-lawyers/,Lake Quivira,KS,Wyandotte,913-382-6729,,Criminal Defense,,,Kansas City,5
MSB Law LC,https://www.msblawkc.com,,https://www.martindale.com/by-location/kansas-lawyers/,Lake Quivira,KS,Wyandotte,913-382-6445,info@msblawkc.com,Personal Injury,,,Kansas City,5
Manning & Smith,https://www.manningandsmith.com/,,https://www.martindale.com/by-location/kansas-lawyers/,Lake Quivira,KS,Wyandotte,913-453-1387,,Criminal Defense,,,Kansas City,5
Roth Davies LLC,http://www.rothdavies.com,,https://www.martindale.com/by-location/kansas-lawyers/,Lake Quivira,KS,Wyandotte,913-346-8093,,Personal Injury,,,Kansas City,5
Taylor Siemens Elliott Creedy & Lyle P.C.,https://www.mtselaw.com,,https://www.martindale.com/by-location/kansas-lawyers/,Lake Quivira,KS,Wyandotte,816-396-7258,,General,,,Kansas City,4
